City,Country,Category,Best_Time_to_Travel,description
London,United Kingdom,"history, culture, museums, theatre, shopping, landmarks, nightlife, royalty","Apr, May, Jun, Sep, Oct","London is a fascinating city known for its charm, culture, and unique attractions that captivate every visitor."
Paris,France,"art, museums, landmarks, culture, history, food, romance, shopping, nightlife","Apr, May, Jun, Sep, Oct","Paris is a fascinating city known for its charm, culture, and unique attractions that captivate every visitor."
Rome,Italy,"history, ancient ruins, culture, art, food, religion, landmarks","Apr, May, Jun, Sep, Oct","Rome is a fascinating city known for its charm, culture, and unique attractions that captivate every visitor."
Berlin,Germany,"history, culture, nightlife, art, museums, music","May, Jun, Jul, Aug, Sep","Berlin is a fascinating city known for its charm, culture, and unique attractions that captivate every visitor."
Madrid,Spain,"art, museums, nightlife, food, culture, history, shopping","Apr, May, Jun, Sep, Oct","Madrid is a fascinating city known for its charm, culture, and unique attractions that captivate every visitor."
Prague,Czech Republic,"history, architecture, culture, beer, nightlife, budget-friendly","May, Jun, Sep","Prague is a fascinating city known for its charm, culture, and unique attractions that captivate every visitor."
Amsterdam,Netherlands,"canals, culture, history, museums, cycling, nightlife","Apr, May, Jun, Jul, Aug, Sep","Amsterdam is a fascinating city known for its charm, culture, and unique attractions that captivate every visitor."
Athens,Greece,"history, ancient ruins, culture, mythology, food, islands (nearby)","Apr, May, Jun, Sep, Oct","Athens is a fascinating city known for its charm, culture, and unique attractions that captivate every visitor."
Lisbon,Portugal,"history, culture, food, viewpoints, coastline, nightlife, Fado music","Apr, May, Jun, Sep, Oct","Lisbon is a fascinating city known for its charm, culture, and unique attractions that captivate every visitor."
Interlaken,Switzerland,"mountains, hiking, adventure sports, lakes, skiing (winter), nature","Jun, Jul, Aug, Sep, (Dec, Jan, Feb for skiing)","Interlaken is a fascinating city known for its charm, culture, and unique attractions that captivate every visitor."
Reykjavik,Iceland,"nature, northern lights (winter), geothermal spas, glaciers, hiking, adventure","Jun, Jul, Aug (midnight sun), Sep, Oct, Feb, Mar (aurora)","Reykjavik is a fascinating city known for its charm, culture, and unique attractions that captivate every visitor."
Vienna,Austria,"music, history, culture, palaces, coffee houses, art","Apr, May, Jun, Sep, Oct, Dec (Christmas markets)","Vienna is a fascinating city known for its charm, culture, and unique attractions that captivate every visitor."
Dublin,Ireland,"pubs, culture, history, literature, music, nightlife","May, Jun, Jul, Aug, Sep","Dublin is a fascinating city known for its charm, culture, and unique attractions that captivate every visitor."
Copenhagen,Denmark,"design, food, cycling, culture, history, canals, hygge","May, Jun, Jul, Aug","Copenhagen is a fascinating city known for its charm, culture, and unique attractions that captivate every visitor."
Stockholm,Sweden,"archipelago, history, design, museums, culture, canals","Jun, Jul, Aug","Stockholm is a fascinating city known for its charm, culture, and unique attractions that captivate every visitor."
Tokyo,Japan,"culture, food, technology, shopping, temples, shrines, nightlife, pop culture","Mar, Apr, May, Oct, Nov","Tokyo is a fascinating city known for its charm, culture, and unique attractions that captivate every visitor."
Kyoto,Japan,"culture, history, temples, shrines, gardens, geisha district, traditional arts","Mar, Apr, May, Oct, Nov","Kyoto is a fascinating city known for its charm, culture, and unique attractions that captivate every visitor."
Seoul,South Korea,"culture, food, K-pop, shopping, history, palaces, nightlife, technology","Apr, May, Sep, Oct","Seoul is a fascinating city known for its charm, culture, and unique attractions that captivate every visitor."
Beijing,China,"history, culture, landmarks (Great Wall nearby), palaces, temples, food","Apr, May, Sep, Oct","Beijing is a fascinating city known for its charm, culture, and unique attractions that captivate every visitor."
Shanghai,China,"modern architecture, shopping, food, culture, nightlife, history (Bund)","Apr, May, Sep, Oct","Shanghai is a fascinating city known for its charm, culture, and unique attractions that captivate every visitor."
Hong Kong,China,"skyline, shopping, food, dim sum, hiking, finance, culture","Oct, Nov, Dec, Jan, Feb, Mar, Apr","Hong Kong is a fascinating city known for its charm, culture, and unique attractions that captivate every visitor."
Bangkok,Thailand,"culture, temples, food, street markets, nightlife, shopping, canals","Nov, Dec, Jan, Feb","Bangkok is a fascinating city known for its charm, culture, and unique attractions that captivate every visitor."
Chiang Mai,Thailand,"culture, temples, mountains, hiking, elephants (ethical sanctuaries), crafts, Lanna culture","Nov, Dec, Jan, Feb","Chiang Mai is a fascinating city known for its charm, culture, and unique attractions that captivate every visitor."
Singapore,Singapore,"food, shopping, gardens, modern architecture, culture (mix), family-friendly","Feb, Mar, Apr, May, Jun, Jul, Aug, Sep, Oct (relatively consistent)","Singapore is a fascinating city known for its charm, culture, and unique attractions that captivate every visitor."
Bali (Denpasar/Ubud),Indonesia,"beach, surfing, culture, temples, yoga, wellness, nature, rice paddies, diving","May, Jun, Jul, Aug, Sep","Bali (Denpasar/Ubud) is a fascinating city known for its charm, culture, and unique attractions that captivate every visitor."
Hanoi,Vietnam,"culture, history, food, French colonial architecture, street life, Halong Bay (nearby)","Oct, Nov, Dec, Jan, Feb, Mar, Apr","Hanoi is a fascinating city known for its charm, culture, and unique attractions that captivate every visitor."
Ho Chi Minh City,Vietnam,"history (war museums), food, nightlife, French colonial architecture, Mekong Delta (nearby)","Dec, Jan, Feb, Mar, Apr","Ho Chi Minh City is a fascinating city known for its charm, culture, and unique attractions that captivate every visitor."
Delhi,India,"history, culture, monuments, food, shopping, temples, Mughal architecture","Oct, Nov, Dec, Jan, Feb, Mar","Delhi is a fascinating city known for its charm, culture, and unique attractions that captivate every visitor."
Mumbai,India,"Bollywood, finance, food, culture, colonial architecture, nightlife, coastline","Nov, Dec, Jan, Feb","Mumbai is a fascinating city known for its charm, culture, and unique attractions that captivate every visitor."
Jaipur,India,"history, culture, palaces, forts, shopping (textiles, gems), architecture (Pink City)","Oct, Nov, Dec, Jan, Feb, Mar","Jaipur is a fascinating city known for its charm, culture, and unique attractions that captivate every visitor."
Dubai,United Arab Emirates,"luxury, shopping, modern architecture, desert safaris, beach, nightlife","Nov, Dec, Jan, Feb, Mar","Dubai is a fascinating city known for its charm, culture, and unique attractions that captivate every visitor."
Istanbul,Turkey,"history, culture, mosques, bazaars, food, architecture (East meets West)","Apr, May, Jun, Sep, Oct","Istanbul is a fascinating city known for its charm, culture, and unique attractions that captivate every visitor."
New York City,USA,"landmarks, museums, theatre (Broadway), culture, food, shopping, nightlife, finance","Apr, May, Jun, Sep, Oct, Nov, Dec (holidays)","New York City is a fascinating city known for its charm, culture, and unique attractions that captivate every visitor."
Los Angeles,USA,"entertainment (Hollywood), beaches, theme parks, culture, food, hiking, museums","Apr, May, Jun, Jul, Aug, Sep, Oct","Los Angeles is a fascinating city known for its charm, culture, and unique attractions that captivate every visitor."
San Francisco,USA,"landmarks (Golden Gate Bridge), culture, tech, food, history (Alcatraz), hills, diverse neighborhoods","May, Jun, Jul, Aug, Sep, Oct","San Francisco is a fascinating city known for its charm, culture, and unique attractions that captivate every visitor."
Chicago,USA,"architecture, museums, food (deep dish pizza), music (blues, jazz), theatre, lakefront","Jun, Jul, Aug, Sep","Chicago is a fascinating city known for its charm, culture, and unique attractions that captivate every visitor."
Miami,USA,"beaches, nightlife, Art Deco architecture, Latin culture, art, food","Nov, Dec, Jan, Feb, Mar, Apr","Miami is a fascinating city known for its charm, culture, and unique attractions that captivate every visitor."
New Orleans,USA,"music (jazz), food (Creole/Cajun), culture, history (French Quarter), nightlife, festivals (Mardi Gras)","Feb, Mar, Apr, May, Oct, Nov","New Orleans is a fascinating city known for its charm, culture, and unique attractions that captivate every visitor."
Denver,USA,"mountains (nearby), hiking, skiing (nearby), craft beer, city culture, nature","Jun, Jul, Aug, Sep (hiking), Dec, Jan, Feb, Mar (skiing)","Denver is a fascinating city known for its charm, culture, and unique attractions that captivate every visitor."
Vancouver,Canada,"nature, mountains, ocean, city culture, food, hiking, skiing (nearby)","Jun, Jul, Aug, Sep","Vancouver is a fascinating city known for its charm, culture, and unique attractions that captivate every visitor."
Toronto,Canada,"culture (multicultural), food, museums, theatre, nightlife, landmarks (CN Tower), islands","Jun, Jul, Aug, Sep","Toronto is a fascinating city known for its charm, culture, and unique attractions that captivate every visitor."
Montreal,Canada,"culture (French/English), history, food, festivals, architecture, nightlife","Jun, Jul, Aug, Sep, Oct (fall foliage), Jan, Feb (winter activities)","Montreal is a fascinating city known for its charm, culture, and unique attractions that captivate every visitor."
Mexico City,Mexico,"history (Aztec/colonial), culture, museums, food, art (Frida Kahlo), ruins (Teotihuacan nearby)","Mar, Apr, May, Oct, Nov","Mexico City is a fascinating city known for its charm, culture, and unique attractions that captivate every visitor."
Cancun,Mexico,"beaches, nightlife, resorts, Mayan ruins (nearby), diving, snorkeling","Dec, Jan, Feb, Mar, Apr","Cancun is a fascinating city known for its charm, culture, and unique attractions that captivate every visitor."
Rio de Janeiro,Brazil,"beaches (Copacabana, Ipanema), landmarks (Christ the Redeemer, Sugarloaf), carnival, nightlife, music (samba), nature","Sep, Oct, Nov, Dec, Jan, Feb, Mar, Apr","Rio de Janeiro is a fascinating city known for its charm, culture, and unique attractions that captivate every visitor."
Buenos Aires,Argentina,"culture, tango, food (steak, wine), European architecture, nightlife, history","Sep, Oct, Nov (Spring), Mar, Apr, May (Autumn)","Buenos Aires is a fascinating city known for its charm, culture, and unique attractions that captivate every visitor."
Cusco,Peru,"history (Inca), culture, gateway to Machu Picchu, ruins, trekking, Andean culture","May, Jun, Jul, Aug, Sep (Dry Season)","Cusco is a fascinating city known for its charm, culture, and unique attractions that captivate every visitor."
Lima,Peru,"food (ceviche, gastronomy), history (colonial), museums, coastline, culture","Dec, Jan, Feb, Mar (Summer)","Lima is a fascinating city known for its charm, culture, and unique attractions that captivate every visitor."
Santiago,Chile,"city culture, museums, food, wine regions (nearby), Andes mountains (nearby for skiing/hiking)","Sep, Oct, Nov (Spring), Dec, Jan, Feb (Summer), Jun, Jul, Aug (Skiing nearby)","Santiago is a fascinating city known for its charm, culture, and unique attractions that captivate every visitor."
Bogotá,Colombia,"culture, history (La Candelaria), museums (Gold Museum), food, street art, mountains (nearby)","Dec, Jan, Feb, Mar, Jul, Aug (Drier periods)","Bogotá is a fascinating city known for its charm, culture, and unique attractions that captivate every visitor."
Sydney,Australia,"landmarks (Opera House, Harbour Bridge), beaches, harbour, city culture, food, nightlife, nature (nearby)","Sep, Oct, Nov (Spring), Dec, Jan, Feb (Summer), Mar, Apr, May (Autumn)","Sydney is a fascinating city known for its charm, culture, and unique attractions that captivate every visitor."
Melbourne,Australia,"culture, food, coffee, sports, art, laneways, shopping, Great Ocean Road (nearby)","Sep, Oct, Nov (Spring), Dec, Jan, Feb (Summer), Mar, Apr, May (Autumn)","Melbourne is a fascinating city known for its charm, culture, and unique attractions that captivate every visitor."
Cairns,Australia,"gateway to Great Barrier Reef, rainforest (Daintree), diving, snorkeling, adventure, tropical nature","May, Jun, Jul, Aug, Sep, Oct (Dry Season)","Cairns is a fascinating city known for its charm, culture, and unique attractions that captivate every visitor."
Auckland,New Zealand,"harbour, sailing, city culture, volcanoes, Maori culture, nature (nearby islands/forests)","Nov, Dec, Jan, Feb, Mar (Summer/Early Autumn)","Auckland is a fascinating city known for its charm, culture, and unique attractions that captivate every visitor."
Queenstown,New Zealand,"adventure sports (bungee, skiing, jet boating), mountains, lakes, scenery, hiking, wine","Dec, Jan, Feb (Summer activities), Jun, Jul, Aug (Skiing)","Queenstown is a fascinating city known for its charm, culture, and unique attractions that captivate every visitor."
Edinburgh,United Kingdom,"history, culture, castle, architecture, festivals (Aug), hiking, nightlife","May, Jun, Jul, Aug, Sep","Edinburgh is a fascinating city known for its charm, culture, and unique attractions that captivate every visitor."
Manchester,United Kingdom,"music, football, industrial history, nightlife, culture, museums","May, Jun, Jul, Aug, Sep","Manchester is a fascinating city known for its charm, culture, and unique attractions that captivate every visitor."
Barcelona,Spain,"architecture (Gaudi), beach, nightlife, food (tapas), culture, art","Apr, May, Jun, Sep, Oct","Barcelona is a fascinating city known for its charm, culture, and unique attractions that captivate every visitor."
Seville,Spain,"flamenco, history, culture, architecture (Moorish), food, festivals (Semana Santa, Feria)","Mar, Apr, May, Sep, Oct","Seville is a fascinating city known for its charm, culture, and unique attractions that captivate every visitor."
Florence,Italy,"art (Renaissance), history, architecture, museums, food, wine, leather goods","Apr, May, Jun, Sep, Oct","Florence is a fascinating city known for its charm, culture, and unique attractions that captivate every visitor."
Venice,Italy,"canals, romance, history, art, architecture, gondolas, unique cityscape","Apr, May, Jun, Sep, Oct","Venice is a fascinating city known for its charm, culture, and unique attractions that captivate every visitor."
Munich,Germany,"beer culture (Oktoberfest), history, museums, gateway to Alps, palaces, parks","May, Jun, Jul, Aug, Sep (incl. Oktoberfest)","Munich is a fascinating city known for its charm, culture, and unique attractions that captivate every visitor."
Hamburg,Germany,"port city, canals, nightlife, maritime history, music venues, architecture","May, Jun, Jul, Aug, Sep","Hamburg is a fascinating city known for its charm, culture, and unique attractions that captivate every visitor."
Nice,France,"beach, French Riviera, art, promenade, Old Town, food (Nicoise)","May, Jun, Jul, Aug, Sep","Nice is a fascinating city known for its charm, culture, and unique attractions that captivate every visitor."
Lyon,France,"food (gastronomy), history (Roman), rivers, silk weaving, traboules, culture","Apr, May, Jun, Sep, Oct","Lyon is a fascinating city known for its charm, culture, and unique attractions that captivate every visitor."
Krakow,Poland,"history, culture, medieval architecture, nightlife, budget-friendly, nearby Auschwitz/Salt Mines","May, Jun, Jul, Aug, Sep","Krakow is a fascinating city known for its charm, culture, and unique attractions that captivate every visitor."
Budapest,Hungary,"thermal baths, history, architecture (Parliament), Danube river, nightlife (ruin bars)","Apr, May, Jun, Sep, Oct","Budapest is a fascinating city known for its charm, culture, and unique attractions that captivate every visitor."
Brussels,Belgium,"EU capital, history, architecture (Grand Place), chocolate, beer, comics","Apr, May, Jun, Jul, Aug, Sep","Brussels is a fascinating city known for its charm, culture, and unique attractions that captivate every visitor."
Bruges,Belgium,"medieval town, canals, history, chocolate, beer, charming architecture","Apr, May, Jun, Sep, Oct","Bruges is a fascinating city known for its charm, culture, and unique attractions that captivate every visitor."
Zurich,Switzerland,"finance, lake, shopping, mountains (nearby), museums, chocolate","Jun, Jul, Aug, Sep, Dec (Christmas markets)","Zurich is a fascinating city known for its charm, culture, and unique attractions that captivate every visitor."
Bergen,Norway,"fjords (gateway), history (Hanseatic wharf), nature, hiking, seafood","May, Jun, Jul, Aug","Bergen is a fascinating city known for its charm, culture, and unique attractions that captivate every visitor."
Osaka,Japan,"food (street food), nightlife, modern culture, castle, shopping (Dotonbori)","Mar, Apr, May, Oct, Nov","Osaka is a fascinating city known for its charm, culture, and unique attractions that captivate every visitor."
Sapporo,Japan,"snow festival (Feb), skiing (nearby), beer, nature (Hokkaido), seafood","Dec, Jan, Feb (winter/snow), Jun, Jul, Aug (summer)","Sapporo is a fascinating city known for its charm, culture, and unique attractions that captivate every visitor."
Xi'an,China,"history (Terracotta Army, ancient capital), culture, Silk Road history, city wall, food","Mar, Apr, May, Sep, Oct","Xi'an is a fascinating city known for its charm, culture, and unique attractions that captivate every visitor."
Chengdu,China,"pandas (research base), food (Sichuan cuisine), culture, tea houses, history","Mar, Apr, May, Sep, Oct, Nov","Chengdu is a fascinating city known for its charm, culture, and unique attractions that captivate every visitor."
Busan,South Korea,"beach, port city, seafood markets, temples, culture, film festival","Apr, May, Jun, Sep, Oct","Busan is a fascinating city known for its charm, culture, and unique attractions that captivate every visitor."
Varanasi,India,"spirituality, Ganges river, Hindu rituals, culture, temples, oldest living city","Oct, Nov, Dec, Jan, Feb, Mar","Varanasi is a fascinating city known for its charm, culture, and unique attractions that captivate every visitor."
Goa,India,"beaches, relaxation, parties, Portuguese history, nature, yoga","Nov, Dec, Jan, Feb, Mar","Goa is a fascinating city known for its charm, culture, and unique attractions that captivate every visitor."
Phuket,Thailand,"beaches, islands (nearby), diving, snorkeling, nightlife, resorts","Nov, Dec, Jan, Feb, Mar","Phuket is a fascinating city known for its charm, culture, and unique attractions that captivate every visitor."
Da Nang,Vietnam,"beaches, Marble Mountains, modern bridges, gateway to Hoi An/Hue, food","Feb, Mar, Apr, May, Jun, Jul, Aug","Da Nang is a fascinating city known for its charm, culture, and unique attractions that captivate every visitor."
Kuala Lumpur,Malaysia,"modern architecture (Petronas Towers), culture (Malay, Chinese, Indian), food, shopping, caves (Batu)","Dec, Jan, Feb, Jun, Jul, Aug","Kuala Lumpur is a fascinating city known for its charm, culture, and unique attractions that captivate every visitor."
Yogyakarta,Indonesia,"Javanese culture, history, temples (Borobudur, Prambanan nearby), art, batik","May, Jun, Jul, Aug, Sep, Oct (Dry Season)","Yogyakarta is a fascinating city known for its charm, culture, and unique attractions that captivate every visitor."
Kathmandu,Nepal,"gateway to Himalayas, temples, culture, history, trekking base, spirituality","Sep, Oct, Nov (Autumn), Mar, Apr, May (Spring)","Kathmandu is a fascinating city known for its charm, culture, and unique attractions that captivate every visitor."
Jerusalem,Israel,"religion (Judaism, Christianity, Islam), history, archaeology, culture, Old City","Mar, Apr, May, Sep, Oct, Nov","Jerusalem is a fascinating city known for its charm, culture, and unique attractions that captivate every visitor."
Boston,USA,"history (American Revolution), academia (Harvard, MIT nearby), culture, seafood, sports, walking city","May, Jun, Sep, Oct","Boston is a fascinating city known for its charm, culture, and unique attractions that captivate every visitor."
Seattle,USA,"tech, coffee culture, music history (grunge), nature (mountains, water), markets (Pike Place)","Jun, Jul, Aug, Sep","Seattle is a fascinating city known for its charm, culture, and unique attractions that captivate every visitor."
Washington D.C.,USA,"monuments, museums (Smithsonian), history, politics, government, memorials","Mar, Apr, May, Sep, Oct","Washington D.C. is a fascinating city known for its charm, culture, and unique attractions that captivate every visitor."
Las Vegas,USA,"entertainment, nightlife, gambling, shows, resorts, dining, desert (nearby)","Mar, Apr, May, Sep, Oct, Nov","Las Vegas is a fascinating city known for its charm, culture, and unique attractions that captivate every visitor."
Austin,USA,"live music, food (BBQ, Tex-Mex), tech scene, culture, festivals (SXSW), outdoors","Mar, Apr, May, Sep, Oct, Nov","Austin is a fascinating city known for its charm, culture, and unique attractions that captivate every visitor."
Honolulu,USA,"beaches (Waikiki), surfing, Polynesian culture, history (Pearl Harbor), nature","Apr, May, Jun, Jul, Aug, Sep, Oct","Honolulu is a fascinating city known for its charm, culture, and unique attractions that captivate every visitor."
Calgary,Canada,"gateway to Canadian Rockies (Banff nearby), Stampede (July), oil industry, city culture","Jun, Jul, Aug","Calgary is a fascinating city known for its charm, culture, and unique attractions that captivate every visitor."
Quebec City,Canada,"history (UNESCO World Heritage site), French culture, charming Old Town, winter carnival","Jun, Jul, Aug, Sep, Oct (fall foliage), Jan, Feb (winter/carnival)","Quebec City is a fascinating city known for its charm, culture, and unique attractions that captivate every visitor."
Guadalajara,Mexico,"culture (mariachi, tequila), history, architecture, food, crafts","Oct, Nov, Dec, Jan, Feb, Mar, Apr, May","Guadalajara is a fascinating city known for its charm, culture, and unique attractions that captivate every visitor."
Oaxaca,Mexico,"culture (indigenous), food (mole), history (Monte Alban ruins), mezcal, crafts, festivals (Day of the Dead)","Oct, Nov, Jan, Feb, Mar, Apr","Oaxaca is a fascinating city known for its charm, culture, and unique attractions that captivate every visitor."
Medellín,Colombia,"innovation, culture, nightlife, surrounding nature (mountains), cable cars, transformation story","Dec, Jan, Feb, Mar, Jul, Aug (Drier periods)","Medellín is a fascinating city known for its charm, culture, and unique attractions that captivate every visitor."
Cartagena,Colombia,"colonial old town (walled city), Caribbean coast, history, islands (nearby), nightlife, colourful architecture","Dec, Jan, Feb, Mar, Apr (Dry Season)","Cartagena is a fascinating city known for its charm, culture, and unique attractions that captivate every visitor."
Quito,Ecuador,"colonial history (UNESCO World Heritage site), equator line (nearby), Andean scenery, gateway to Galapagos","Jun, Jul, Aug, Sep (Dry Season)","Quito is a fascinating city known for its charm, culture, and unique attractions that captivate every visitor."
Mendoza,Argentina,"wine region (Malbec), Andes mountains, food, adventure (hiking, rafting)","Oct, Nov, Dec, Jan, Feb, Mar, Apr","Mendoza is a fascinating city known for its charm, culture, and unique attractions that captivate every visitor."
San Pedro de Atacama,Chile,"desert landscapes, stargazing, geysers, salt flats, adventure, unique geology","Sep, Oct, Nov, Dec, Jan, Feb, Mar, Apr","San Pedro de Atacama is a fascinating city known for its charm, culture, and unique attractions that captivate every visitor."
Salvador,Brazil,"Afro-Brazilian culture, history (first capital), music (samba-reggae), beaches, carnival, colonial architecture","Dec, Jan, Feb (Summer/Carnival), Aug, Sep, Oct","Salvador is a fascinating city known for its charm, culture, and unique attractions that captivate every visitor."
Perth,Australia,"beaches, sunshine, isolation, nature (Kings Park, Rottnest Island), wine region (Swan Valley)","Sep, Oct, Nov, Dec, Jan, Feb, Mar, Apr, May","Perth is a fascinating city known for its charm, culture, and unique attractions that captivate every visitor."
Brisbane,Australia,"river city, subtropical climate, culture, gateway to Gold Coast/Sunshine Coast, nature (nearby)","Apr, May, Jun, Jul, Aug, Sep, Oct","Brisbane is a fascinating city known for its charm, culture, and unique attractions that captivate every visitor."
Adelaide,Australia,"wine regions (Barossa, McLaren Vale nearby), festivals, food culture, relaxed city life, coastline","Oct, Nov, Dec, Jan, Feb, Mar, Apr","Adelaide is a fascinating city known for its charm, culture, and unique attractions that captivate every visitor."
Hobart,Australia,"Tasmania, nature, history (Port Arthur nearby), art (MONA), food (seafood), harbour","Dec, Jan, Feb, Mar (Summer/Early Autumn)","Hobart is a fascinating city known for its charm, culture, and unique attractions that captivate every visitor."
Wellington,New Zealand,"capital city, culture (Te Papa museum), coffee, craft beer, harbour, windy city","Nov, Dec, Jan, Feb, Mar (Summer/Early Autumn)","Wellington is a fascinating city known for its charm, culture, and unique attractions that captivate every visitor."
Christchurch,New Zealand,"gateway to South Island, gardens, rebuild/innovation (post-earthquake), Avon River, Antarctic centre","Nov, Dec, Jan, Feb, Mar (Summer/Early Autumn)","Christchurch is a fascinating city known for its charm, culture, and unique attractions that captivate every visitor."
Galle,Sri Lanka,"history, colonial architecture (Dutch Fort), beach, culture, shopping, cricket","Dec, Jan, Feb, Mar","Galle is a fascinating city known for its charm, culture, and unique attractions that captivate every visitor."
Kandy,Sri Lanka,"culture, religion (Temple of the Tooth), history, lake, botanical gardens, gateway to hill country","Dec, Jan, Feb, Mar, Apr","Kandy is a fascinating city known for its charm, culture, and unique attractions that captivate every visitor."
Ella,Sri Lanka,"mountains, hiking, tea plantations, scenery, train journey, waterfalls, relaxation","Jan, Feb, Mar, Jul, Aug, Sep","Ella is a fascinating city known for its charm, culture, and unique attractions that captivate every visitor."
Habarana,Sri Lanka,"gateway to Sigiriya, gateway to Minneriya/Kaudulla parks (elephants), wildlife safaris, nature hub","Jan, Feb, Mar, Jul, Aug, Sep","Habarana is a fascinating city known for its charm, culture, and unique attractions that captivate every visitor."
Mirissa,Sri Lanka,"beach, whale watching, surfing, relaxation, nightlife (beach bars), fishing harbour","Nov, Dec, Jan, Feb, Mar, Apr","Mirissa is a fascinating city known for its charm, culture, and unique attractions that captivate every visitor."
Amman,Jordan,A vibrant city blending ancient ruins like the Citadel with modern cafes and markets.,,
Petra,Jordan,"The rose-red city carved into rock, one of the New Seven Wonders of the World.",,
Aqaba,Jordan,A seaside resort city on the Red Sea known for diving and coral reefs.,,
Jerash,Jordan,Home to some of the best-preserved Roman ruins outside Italy.,,
Madaba,Jordan,"Famous for its Byzantine mosaics, including the ancient map of the Holy Land.",,
Wadi Rum,Jordan,"A vast desert of sandstone mountains, popular for jeep tours and stargazing.",,
Salt,Jordan,A historic Ottoman town known for its yellow stone houses and welcoming locals.,,
Baghdad,Iraq,A historic capital with a rich cultural heritage and ancient Islamic architecture.,,
Erbil,Iraq,"One of the oldest continuously inhabited cities, featuring the ancient Erbil Citadel.",,
Basra,Iraq,"A southern port city on the Shatt al-Arab river, gateway to the Persian Gulf.",,
Najaf,Iraq,A major religious center for Shia Islam and site of the Imam Ali Shrine.,,
Karbala,Iraq,A sacred city visited by millions of pilgrims each year.,,
Mosul,Iraq,"A historic city on the Tigris River, near the ancient ruins of Nineveh.",,
Sulaymaniyah,Iraq,A modern cultural hub in Iraqi Kurdistan surrounded by scenic mountains.,,
Cairo,Egypt,The bustling capital home to the Pyramids of Giza and the Egyptian Museum.,,
Alexandria,Egypt,A Mediterranean port city known for its Greco-Roman history and seaside charm.,,
Luxor,Egypt,An open-air museum with temples and tombs from ancient Thebes.,,
Aswan,Egypt,A peaceful Nile-side city with Nubian culture and ancient monuments.,,
Hurghada,Egypt,A popular Red Sea resort city known for beaches and scuba diving.,,
Sharm El-Sheikh,Egypt,A luxury destination on the Sinai Peninsula with coral reefs and resorts.,,
Siwa Oasis,Egypt,A remote desert oasis known for its salt lakes and traditional mud-brick architecture.,,
Dubai,United Arab Emirates,"A global hub known for futuristic architecture, luxury shopping, and beaches.",,
Abu Dhabi,United Arab Emirates,"The UAE capital with grand mosques, museums, and cultural landmarks.",,
Sharjah,United Arab Emirates,A cultural capital known for its art museums and heritage sites.,,
Ajman,United Arab Emirates,A small emirate with serene beaches and a relaxed pace of life.,,
Fujairah,United Arab Emirates,"Known for its mountains, beaches, and historic forts on the east coast.",,
Ras Al Khaimah,United Arab Emirates,"Offers desert adventures, beaches, and the UAE’s highest mountain.",,
Al Ain,United Arab Emirates,A lush oasis city known as the 'Garden City' with ancient forts and hot springs.,,
Umm Al Quwain,United Arab Emirates,A quiet coastal emirate ideal for water sports and camping.,,
